model_name,Accuracy,Precision,Recall,F1,ROC_AUC
LogisticRegression,0.834,0.8449197860962567,0.9266862170087976,0.8839160839160839,0.8920120253047823
GradientBoostingClassifier,0.84,0.8517520215633423,0.9266862170087976,0.8876404494382022,0.8838599015105406
RandomForestClassifier,0.818,0.8289473684210527,0.9237536656891495,0.8737864077669902,0.8724801268927866
