model_name,MAE,RMSE,R2
LinearRegression,20680.311435790314,26282.39376040712,0.9212645510488333
Ridge,20677.300632257837,26283.075025442584,0.9212604691981383
GradientBoostingRegressor,22520.565906256557,28632.774427187273,0.9065525754052544
RandomForestRegressor,24687.081467667114,31834.20337516236,0.8844876428985995
